[
  {
    "id": 1,
    "part": "arabic",
    "text": "О сын духа! мой первый совет таков: имей сердце чистое, доброе, светозарное, да достигнешь владычества предвечного, нетленного и бесконечного."
  },
  {
    "id": 2,
    "part": "arabic",
    "text": "О сын духа! для меня самое возлюбленное из всего сотворенного — справедливость; не отвращайся от нее, если стремишься ко мне, и не пренебрегай ею, дабы я мог довериться тебе. с ее помощью увидишь своими очами, а не очами других, познаешь своим разумом, а не разумом ближнего. обдумай сие в сердце своем — как подобает тебе быть. воистину, справедливость — мой дар тебе и знак моей нежной заботы. держи ее пред своими очами."
  },
  {
    "id": 3,
    "part": "arabic",
    "text": "О сын человеческий! пребывая сокрытым в незапамятном бытии моем и в предвечности моей сути, я познал любовь свою к тебе; посему сотворил я тебя, запечатлел на тебе мой образ и явил тебе мою красоту."
  },
  {
    "id": 4,
    "part": "arabic",
    "text": "О сын человеческий! я возлюбил сотворение твое, посему я сотворил тебя. так возлюби же меня, дабы помянул я имя твое и исполнил душу твою духом жизни."
  },
  {
    "id": 5,
    "part": "arabic",
    "text": "О сын бытия! люби меня, дабы я мог любить тебя. если не будешь любить меня, никогда не достигнет тебя любовь моя. знай сие, о слуга!"
  },
  {
    "id": 6,
    "part": "arabic",
    "text": "О сын бытия! твой рай — моя любовь; твой небесный дом — воссоединение со мною. войди же туда и не медли. вот что предназначено тебе в нашем горнем царстве и в нашем возвышенном владении."
  },
  {
    "id": 7,
    "part": "arabic",
    "text": "О сын человеческий! если любишь меня, отвратись от себя, и если ищешь благоволения моего, откажись от угождения себе, дабы ты умер во мне, а я жил бы в тебе вечно."
  },
  {
    "id": 8,
    "part": "arabic",
    "text": "О сын духа! не обрести тебе покоя, пока не отречешься от себя и не обратишься ко мне; ибо надлежит тебе восславиться во имя мое, а не во имя свое; полагаться на меня, а не на себя, ибо желаю я, дабы любили меня одного превыше всего сущего."
  },
  {
    "id": 9,
    "part": "arabic",
    "text": "О сын бытия! любовь моя — моя твердыня; вошедший в нее защищен и в безопасности, отвратившийся же от нее непременно собьется с пути и погибнет."
  },
  {
    "id": 10,
    "part": "arabic",
    "text": "О сын речения! ты — твердыня моя; войди в нее — и будешь в безопасности. любовь моя — в тебе, знай сие, дабы мог ты узреть меня рядом с собой."
  },
  {
    "id": 11,
    "part": "arabic",
    "text": "О сын бытия! ты — мой светильник, и свет мой — в тебе. затепли свое сияние от него и не ищи иного, помимо меня. ибо я сотворил тебя богатым и щедро излил на тебя милость свою."
  },
  {
    "id": 12,
    "part": "arabic",
    "text": "О сын бытия! десницами власти я создал тебя и перстами силы сотворил тебя; в тебя вложил я сущность света моего. удовольствуйся сим и не ищи иного, ибо созданное мной совершенно и заповедь моя непреложна. уверься в сем и не подвергай сомнению."
  },
  {
    "id": 13,
    "part": "arabic",
    "text": "О сын духа! я сотворил тебя богатым, отчего же ты ввергаешься в нищету? благородным создал я тебя, что же ты унижаешь себя? из сути знания произвел я тебя на свет, что же ищешь ты знания у иных, помимо меня? из глины любви слепил я тебя, как же ты занят другим? обрати свой взор в себя, дабы узреть, как я пребываю в тебе, сильный, могущественный, самосущный."
  },
  {
    "id": 14,
    "part": "arabic",
    "text": "О сын человеческий! ты — владение мое, а владение мое не погибнет, отчего же боишься ты погибели своей? ты — свет мой, а свет мой никогда не погаснет, отчего же страшит тебя угасание твое? ты — слава моя, а слава моя неувядаема; ты — облачение мое, а облачение мое никогда не износится. пребывай же в своей любви ко мне, да обретешь меня в царстве славы."
  },
  {
    "id": 15,
    "part": "arabic",
    "text": "О сын речения! обрати лицо свое к лику моему и отрекись ото всего, кроме меня; ибо владычество мое пребудет вечно, и царствие мое не погибнет. если же ищешь иного, помимо меня,— хотя бы искал ты во вселенной вечно, — тщетным будет твой поиск."
  },
  {
    "id": 16,
    "part": "arabic",
    "text": "О сын света! забудь обо всем, кроме меня, и удостойся духа моего. вот суть заповеди моей, обратись же к ней."
  },
  {
    "id": 17,
    "part": "arabic",
    "text": "О сын человеческий! довольствуйся мною и не ищи иного помощника. ибо кроме меня вовек не ублаготворит тебя никто."
  },
  {
    "id": 18,
    "part": "arabic",
    "text": "О сын духа! не проси у меня того, чего мы не желаем для тебя, и довольствуйся тем, что мы предназначили тебе, ибо в том благо твое, если сим удовольствуешься."
  },
  {
    "id": 19,
    "part": "arabic",
    "text": "О сын дивного видения! я вдохнул в тебя от духа моего, дабы ты возлюбил меня. почему же ты покинул меня и ищешь иного возлюбленного, помимо меня?"
  },
  {
    "id": 20,
    "part": "arabic",
    "text": "О сын духа! притязание мое на тебя велико, о нем невозможно запамятовать. милость моя к тебе обильна, ее невозможно сокрыть. любовь моя обрела пристанище в тебе, ее невозможно утаить. свет мой явлен тебе, его невозможно затмить."
  },
  {
    "id": 21,
    "part": "arabic",
    "text": "О сын человеческий! тебе предназначил я отборнейшие плоды от древа лучезарной славы, почему же ты отвернулся от них и удовольствовался меньшим благом? так возвратись к тому, что лучше для тебя в вышнем царстве."
  },
  {
    "id": 22,
    "part": "arabic",
    "text": "О сын духа! благородным сотворил я тебя, а ты унизил себя. поднимись же к тому, для чего ты был сотворен."
  },
  {
    "id": 23,
    "part": "arabic",
    "text": "О сын высочайшего! я зову тебя к вечному, а ты устремляешься к бренному. что заставило тебя отвратиться от желанного нам и искать угодного тебе?"
  },
  {
    "id": 24,
    "part": "arabic",
    "text": "О сын человеческий! не преходи своей меры и не притязай на то, что не подобает тебе. пади ниц пред ликом бога твоего, господа могущества и силы."
  },
  {
    "id": 25,
    "part": "arabic",
    "text": "О сын духа! не превозносись пред бедняком, ибо его веду я по его пути и вижу, как ты пребываешь во зле, и отвергну тебя навеки."
  },
  {
    "id": 26,
    "part": "arabic",
    "text": "О сын бытия! как мог забыть ты свои пороки и озаботиться пороками других? кто поступает так, проклят мною."
  },
  {
    "id": 27,
    "part": "arabic",
    "text": "О сын человеческий! не поминай чужие грехи, пока сам грешник. если преступишь заповедь сию, будешь проклят, и я сему свидетель."
  },
  {
    "id": 28,
    "part": "arabic",
    "text": "О сын духа! знай воистину: кто призывает людей к справедливости, а сам творит беззаконие, тот не от меня, хотя бы носил имя мое."
  },
  {
    "id": 29,
    "part": "arabic",
    "text": "О сын бытия! не приписывай ни одной душе того, чего не приписал бы себе, и не говори того, что не делаешь. вот заповедь моя тебе, исполняй ее."
  },
  {
    "id": 30,
    "part": "arabic",
    "text": "О сын человеческий! не отказывай слуге моему, если попросит он что-либо у тебя, ибо его лик есть мой лик; постыдись же предо мною."
  },
  {
    "id": 31,
    "part": "arabic",
    "text": "О сын бытия! отчитывайся пред собой ежедневно, прежде чем призовут тебя к ответу, ибо смерть придет к тебе внезапно, и потребуют у тебя отчета за дела твои."
  },
  {
    "id": 32,
    "part": "arabic",
    "text": "О сын высочайшего! я сделал для тебя смерть вестником радости. что же ты горюешь? я повелел свету излить на тебя свое сияние. что же ты укрываешься от него завесой?"
  },
  {
    "id": 33,
    "part": "arabic",
    "text": "О сын духа! радостными вестями света приветствую я тебя — возрадуйся! ко двору святости зову я тебя; пребывай там, дабы вечно жить тебе в покое."
  },
  {
    "id": 34,
    "part": "arabic",
    "text": "О сын духа! дух святости несет тебе радостные вести воссоединения, что же ты горюешь? дух силы укрепляет тебя в деле его, почему же ты укрываешься завесой? свет лика его ведет тебя, как же можешь ты сбиваться с пути?"
  },
  {
    "id": 35,
    "part": "arabic",
    "text": "О сын человеческий! не печалься ни о чем — лишь об удалении от нас. не радуйся ничему — лишь своему приближению и возвращению к нам."
  },
  {
    "id": 36,
    "part": "arabic",
    "text": "О сын человеческий! возвеселись радостью сердца своего, дабы стать тебе достойным встречи со мной и отразить мою красоту."
  },
  {
    "id": 37,
    "part": "arabic",
    "text": "О сын человеческий! не совлекай с себя великолепного одеяния моего и не утрачивай доли своей от дивного источника моего, дабы не томила тебя вечная жажда."
  },
  {
    "id": 38,
    "part": "arabic",
    "text": "О сын бытия! повинуйся законам моим из любви ко мне и откажись от желанного тебе, если ищешь благоволения моего."
  },
  {
    "id": 39,
    "part": "arabic",
    "text": "О сын человеческий! не пренебрегай заповедями моими, если любишь мою красоту, и не забывай моих увещаний, если желаешь благоволения моего."
  },
  {
    "id": 40,
    "part": "arabic",
    "text": "О сын человеческий! хотя бы облетел ты всю вселенную и пересек пространства небес, не обрести тебе покоя ни в чем, кроме как в послушании нашему велению и в смирении пред нашим ликом."
  },
  {
    "id": 41,
    "part": "arabic",
    "text": "О сын человеческий! восславь дело мое, дабы мог я открыть тебе тайны величия моего и осиять тебя светом вечности."
  },
  {
    "id": 42,
    "part": "arabic",
    "text": "О сын человеческий! смирись предо мной, дабы я милостиво снизошел к тебе. восстань за торжество дела моего, дабы еще на земле тебе обрести победу."
  },
  {
    "id": 43,
    "part": "arabic",
    "text": "О сын бытия! поминай меня на земле моей, дабы я воспомянул тебя на небесах моих; сим утешатся очи мои и твои."
  },
  {
    "id": 44,
    "part": "arabic",
    "text": "О сын престола! слух твой — мой слух, внимай же им. взор твой — мой взор, взирай же им, дабы в сокровенной сути своей ты свидетельствовал о моей возвышенной святости, а я в себе самом свидетельствовал о твоем возвышенном положении."
  },
  {
    "id": 45,
    "part": "arabic",
    "text": "О сын бытия! ищи мученической смерти на моем пути, довольствуясь благоволением моим и благодарствуя за то, что предписано мной, дабы обрести упокоение со мной под пологом величия за скинией славы."
  },
  {
    "id": 46,
    "part": "arabic",
    "text": "О сын человеческий! поразмысли и вдумайся — хочешь ли ты умереть на ложе своем или же мучеником на пути моем обагрить своей кровью прах, и так стать воплощением повеления моего и явителем света моего в высочайшем раю? рассуди же справедливо, о слуга!"
  },
  {
    "id": 47,
    "part": "arabic",
    "text": "О сын человеческий! клянусь красотою моей! если волосы твои окрасятся кровью, сие выше в моем разумении, чем сотворение вселенной и свет обоих миров. стремись же достичь сего, о слуга."
  },
  {
    "id": 48,
    "part": "arabic",
    "text": "О сын человеческий! всему — свой знак. знак любви — стойкость в том, что предназначил я, и терпение в моих испытаниях."
  },
  {
    "id": 49,
    "part": "arabic",
    "text": "О сын человеческий! истинно любящий жаждет испытания, подобно тому, как мятежник жаждет прощения, а грешник — милосердия."
  },
  {
    "id": 50,
    "part": "arabic",
    "text": "О сын человеческий! если не постигнут тебя бедствия на пути моем, как сможешь ты следовать путями тех, кто удовольствовался благоволением моим? если испытания не постигнут тебя в твоем стремлении встретиться со мной, как обретешь ты свет в своей любви к моей красоте?"
  },
  {
    "id": 51,
    "part": "arabic",
    "text": "О сын человеческий! бедствие мое — мое провидение; по видимости оно — огнь и возмездие, но сокрыты в нем свет и милосердие. поспеши же к нему, дабы стать тебе вечным светом и бессмертным духом. вот заповедь моя тебе, следуй же ей."
  },
  {
    "id": 52,
    "part": "arabic",
    "text": "О сын человеческий! если выпадет тебе на долю благоденствие, не ра дуйся, а если постигнет тебя унижение, не горюй, ибо и то и другое прейдет и исчезнет навек."
  },
  {
    "id": 53,
    "part": "arabic",
    "text": "О сын бытия! если постигнет тебя бедность, не горюй, ибо в свое время посетит тебя господь богатств. не страшись унижения, ибо однажды слава осенит тебя."
  },
  {
    "id": 54,
    "part": "arabic",
    "text": "О сын бытия! если устремился ты к сему владению вечному, нетленному, и к сей жизни предвечной, непреходящей, откажись от сего бренного и мимолетного владычества."
  },
  {
    "id": 55,
    "part": "arabic",
    "text": "О сын бытия! не увлекайся миром сим, ибо огнем испытуем мы злато, а златом испытуем слуг наших."
  },
  {
    "id": 56,
    "part": "arabic",
    "text": "О сын человеческий! ты жаждешь злата, а я хочу твоего освобождения от него. ты считаешь себя богатым, обладая им, а я вижу твое богатство в очищении от него. жизнью моей клянусь! вот знание мое, а то, другое — твое мечтание; как же может моя стезя сойтись с твоей?"
  },
  {
    "id": 57,
    "part": "arabic",
    "text": "О сын человеческий! оделяй моим богатством бедняков моих, дабы черпать тебе на небесах из хранилищ нетленного великолепия и сокровищниц неувядаемой славы. но жизнью моей клянусь! славнее сего — предложить свою душу в жертву, когда б зрел ты моими очами!"
  },
  {
    "id": 58,
    "part": "arabic",
    "text": "О сын человеческий! храм бытия — престол мой; очисти его от всего сущего, дабы на нем утвердиться мне и пребывать."
  },
  {
    "id": 59,
    "part": "arabic",
    "text": "О сын бытия! твое сердце — дом мой; освяти его для моего сошествия. твой дух — место откровения моего; очисти его для моего явления."
  },
  {
    "id": 60,
    "part": "arabic",
    "text": "О сын человеческий! вложи руку мне за пазуху, дабы я взошел над тобой в сиянии и блеске."
  },
  {
    "id": 61,
    "part": "arabic",
    "text": "О сын человеческий! вознесись на небеса мои, дабы обрести тебе радость воссоединения и вкусить несравненного вина из кубка непреходящей славы."
  },
  {
    "id": 62,
    "part": "arabic",
    "text": "О сын человеческий! проходят дни твои, а ты все предаешься вымыслам и тщетным мечтаниям. доколе будешь ты дремать на ложе своем? стряхни главу свою от дремоты, ибо солнце уже достигло зенита и, может статься, озарит оно тебя светом красоты."
  },
  {
    "id": 63,
    "part": "arabic",
    "text": "О сын человеческий! осиял тебя свет с окоема священной горы, и дух просвещенности повеял в синай сердца твоего. освободись же от завес тщетных мечтаний и вступи в мой двор, дабы удостоиться тебе жизни вечной и встречи со мной. тогда не постигнут тебя ни смерть, ни изнеможение, ни беда."
  },
  {
    "id": 64,
    "part": "arabic",
    "text": "О сын человеческий! моя вечность — творение мое; я сотворил ее для тебя. сделай ее одеянием храма твоего. мое единство — создание мое; я произвел его для тебя; облачись в него, дабы стать тебе явлением непреходящего бытия моего во веки вечные."
  },
  {
    "id": 65,
    "part": "arabic",
    "text": "О сын человеческий! мое величие — мой дар тебе, а мое великолепие — знак милости моей к тебе. того, что мне подобает, не постигнет никто и не выразит ни один человек. воистину, я сберег сие в моих потаенных хранилищах и в сокровищницах моего веления из любви к слугам моим и из милости к народу моему."
  },
  {
    "id": 66,
    "part": "arabic",
    "text": "О дети божественной и незримой сущности! вам воспрепятствуют любить меня, и смутятся души при упоминании обо мне. ибо умам не постичь меня и сердцам не вместить."
  },
  {
    "id": 67,
    "part": "arabic",
    "text": "О сын красоты! клянусь моим духом и благосклонностью моей! клянусь моей милостью и красотою моей! все, что я открыл тебе языком могущества и начертал для тебя пером мощи, соразмерно твоему вместилищу и твоему разумению, а не моему достоинству и напеву гласа моего."
  },
  {
    "id": 68,
    "part": "arabic",
    "text": "О дети человеческие! ужели не ведаете вы, почему мы сотворили вас из одного праха? дабы никто не величался пред другим. всякий миг размышляйте в сердцах ваших о том, как вы были сотворены. поскольку мы создали всех вас из одного и того же вещества, надлежит вам быть как одна душа, шагать одной стопою, вкушать одними устами и жить на одной земле, дабы из сокровенной сущности вашей делами своими и поступками являли вы знаки единства и суть отрешения. вот мой совет вам, о сонм света! внемлите сему совету, дабы обрести вам плод святости от древа дивной славы."
  },
  {
    "id": 69,
    "part": "arabic",
    "text": "О сыны духа! вы — сокровищница моя, ибо в вас заключил я жемчуга тайн моих и самоцветы знания моего. оберегайте их от чужих среди слуг моих и от нечестивых среди народа моего."
  },
  {
    "id": 70,
    "part": "arabic",
    "text": "О сын того, кто своею сущностью пребывал во царствии себя самого! знай, что я овеял тебя всеми благоуханиями святости, во всей полноте открыл тебе слово мое, чрез тебя сделал более совершенной щед рость мою и возжелал для тебя то, чего желал для себя. удовольствуйся же благоволением моим и будь благодарен мне."
  },
  {
    "id": 71,
    "part": "arabic",
    "text": "О сын человеческий! запиши все, что мы явили тебе, чернилами света на скрижали своего духа. если сие тебе не под силу, изготовь чернила из сути сердца своего. если не сумеешь сделать сего, пиши теми алыми чернилами, что пролиты на моем пути. воистину, сие всего дороже мне, дабы свет сего пребывал вовеки. во имя господа речения, могущего!"
  },
  {
    "id": 1,
    "part": "persian",
    "text": "О люди, имеющие разум, дабы понять, и уши, дабы услышать! первый зов возлюбленного таков: о таинственный соловей! не пребывай нигде, кроме розового сада духа. о посланник соломона любви! не ищи иного убежища, кроме земли савской — царства возлюбленной. о бессмертный феникс! не селись нигде, кроме вершины верности. там обиталище твое, если на крылах души своей воспаряешь в царство бесконечного и пытаешься достичь цели своей."
  },
  {
    "id": 2,
    "part": "persian",
    "text": "О сын духа! птица стремится к своему гнезду, соловей — к чарующей розе, а птицы сердец человеческих, удовольствовавшись бренным прахом, удалились от вечного гнезда своего и, обратив взоры к трясине нерадения, лишились славы божественного присутствия. увы! сколь странно и жалко сие; ради одной чаши отвернулись они от вздымающихся морей всевышнего и остались вдали от лучезарнейшего окоема."
  },
  {
    "id": 3,
    "part": "persian",
    "text": "О друг! в саду сердца своего сажай лишь розы любви и не выпускай из рук соловья привязанности и желания. цени общество праведных и избегай дружества с нечестивыми."
  },
  {
    "id": 4,
    "part": "persian",
    "text": "О сын справедливости! куда направиться любящему, как не в страну своей возлюбленной, и как успокоиться ищущему вдали от предмета своего сердечного желания? для истинно любящего воссоединение — жизнь и разлука — смерть. в его груди нет терпения, а в сердце — покоя. бесчисленное множество жизней отдал бы он, дабы поспешить в обитель своей возлюбленной."
  },
  {
    "id": 5,
    "part": "persian",
    "text": "О сын праха! истинно говорю я тебе: из всех людей самый беспечный тот, кто вступает в праздный спор и хочет возвыситься над братом своим. скажи: о собратья! дела, а не слова да будут украшением вашим."
  },
  {
    "id": 6,
    "part": "persian",
    "text": "О сын земли! знай, воистину, что сердце, в коем сохраняется хоть малейший след зависти, никогда не достигнет моего вечного владычества и не вдохнет благоуханий святости, веющих от моего царства святости."
  },
  {
    "id": 7,
    "part": "persian",
    "text": "О сын любви! один лишь шаг отделяет тебя от славных горних высот и от небесного древа любви. сделай сей шаг, а вторым вступи в бессмертную обитель и войди в шатер вечности. склони же слух к тому, что явлено пером славы."
  },
  {
    "id": 8,
    "part": "persian",
    "text": "О сын славы! будь скор на пути святости и взойди на небеса общения со мною. очисти до блеска сердце свое силою духа и поспеши ко двору всевышнего."
  },
  {
    "id": 9,
    "part": "persian",
    "text": "О мимолетная тень! оставь позади низшие ступени сомнения и поднимись на горние высоты уверенности. открой око истины, да узришь красоту, освобожденную от завес, и да воскликнешь: благословен будь господь, превосходнейший из всех творцов!"
  },
  {
    "id": 10,
    "part": "persian",
    "text": "О сын желания! склони слух к сему: никогда смертному оку не распознать вечной красоты, и безжизненное сердце найдет утешение лишь в увядшем цветке. ибо подобное тянется к подобному и находит радость в общении с родственным."
  },
  {
    "id": 11,
    "part": "persian",
    "text": "О сын праха! ослепи очи свои, дабы узреть красоту мою; закрой уши свои, дабы внять сладким напевам голоса моего; освободись ото всякой учено сти,"
  },
  {
    "id": 12,
    "part": "persian",
    "text": "О обладающий двойным видением! закрой одно око и открой другое. закрой одно на мир и на все сущее в нем, и открой другое на пресвятую красоту возлюбленного."
  },
  {
    "id": 13,
    "part": "persian",
    "text": "О дети мои! страшусь я, что, так и не услышав воркования небесной голубки, канете вы во тьму полной утраты и, все еще не узрев красоты розы, возвратитесь в воду и глину."
  },
  {
    "id": 14,
    "part": "persian",
    "text": "О друзья! не покидайте красоту вечную ради красоты преходящей и не привязывайтесь к сему смертному миру праха."
  },
  {
    "id": 15,
    "part": "persian",
    "text": "О сын духа! близится час, когда соловей святости не будет более являть сокровенных тайн, и все вы лишитесь небесного напева и гласа свыше."
  },
  {
    "id": 16,
    "part": "persian",
    "text": "О суть нерадения! великое множество таинственных языков слышится в едином речении, и неисчислимое богатство потаенных истин явлено в едином напеве. но, увы, нет ни уха, дабы внимать, ни сер д ца, дабы понять."
  },
  {
    "id": 17,
    "part": "persian",
    "text": "О сотоварищи! широко распахнуты врата в беспредельное, и обитель возлюбленного украшена кровью любящих, но все, кроме немногих, еще лишены сего небесного града, и даже среди сих немногих нашлась лишь горстка чистых сердцем и освященных духом."
  },
  {
    "id": 18,
    "part": "persian",
    "text": "О обитатели высочайшего рая! возвестите чадам убежденности, что в царствах святости, близ небесного рая, возник новый сад, вкруг коего кружат обитатели горнего царства и бессмертные жители вышнего рая. усердствуйте же, дабы достичь вам сего положения, и познать тайны любви от его анемонов, и вкусить таинства божественной и совершенной мудрости от вечных плодов его. очи же тех, что вошли туда и там пребывают, будут утешены!"
  },
  {
    "id": 19,
    "part": "persian",
    "text": "О друзья мои! ужели забыли вы то истинное и лучезарное утро, когда в том святом и благословенном месте вы все собрались в моем присутствии под сенью древа жизни, что растет в преславном раю? исполненные трепета, вы внимали мне, когда я произносил три наисвятых слова: о друзья! не предпочитайте свою волю моей; никогда не желайте того, чего я не желал для вас; не приближайтесь ко мне с безжизненными сердцами, оскверненными мирскими страстями и вожделениями. если очистите души ваши, в сей же час вспомнится вам то место и то окружение, и истинность моего речения станет явной для всякого из вас. на восьмой из наисвятых строк, в пятой с крижали рая, он речет:"
  },
  {
    "id": 20,
    "part": "persian",
    "text": "О вы, лежащие, подобно мертвецам, на одре нерадения! проходят века, и ваши драгоценные жизни близятся к концу, но ни единого дыхания чистоты не дошло от вас до нашего двора святости. хотя погружены вы в океан заблуждения, на устах у вас исповедание единой истинной веры в бога. того, кто противен мне, вы возлюбили, и врага моего сделали своим другом. и все же вы ходите по земле моей, беспечные и самодовольные, не ведая о том, что земля моя устала от вас и все сущее на ней вас сторонится. когда бы открыли вы глаза, воистину, предпочли бы множество горестей такой радости и сочли бы, что сама смерть лучше, нежели такая жизнь."
  },
  {
    "id": 21,
    "part": "persian",
    "text": "О движущийся прах! я желаю общения с тобой, но ты не доверяешь мне. меч твоего мятежа срубил древо твоей надежды. во всякое время я рядом с тобой, но ты всегда далек от меня. нетленную славу избрал я для тебя, ты же избрал для себя безграничное унижение. пока еще есть время, вернись и не упусти возможности, данной тебе."
  },
  {
    "id": 22,
    "part": "persian",
    "text": "О сын желания! ученые и мудрецы долгие годы пытались достичь присутствия всеславного, но не обрели его; они провели всю жизнь в поисках его, но не узрели красоты его лика. ты же безо всякого труда достиг своей цели и без исканий обрел то, к чему стремился. и все же ты еще столь окутан пеленой себялюбия, что глаза твои не узрели красоты возлюбленного и рука твоя не коснулась края его одежд. имеющие очи да узрят и изумятся."
  },
  {
    "id": 23,
    "part": "persian",
    "text": "О обитатели града любви! вечную свечу колеблют смертные ветры, и красота небесного юноши сокрыта во тьме праха. владыка повелителей любви терпит притеснения от людей тиранства, и голубка святости попала в когти сов. обитатели шатра славы и небесные сонмы плачут и стенают, вы же предаетесь отдохновению в царстве небрежения и почитаете себя истинными друзьями. сколь тщетны ваши мечтания!"
  },
  {
    "id": 24,
    "part": "persian",
    "text": "О глупцы, слывущие мудрецами! отчего вы являете себя в обличии пастырей, когда по сути превратились вы в волков, подстерегающих мою паству? вы подобны звезде, что предваряет зарю и кажется сияющей и яркой, но уводит путников града моего прочь на путь погибели."
  },
  {
    "id": 25,
    "part": "persian",
    "text": "О прекрасные с виду, но смердящие внутри! вы подобны прозрачной, но горькой воде, что на вид чиста как кристалл, но если вкусит ее божественный испытатель, ни одна капля не будет принята им. ибо и солнечный луч нисходит равно на прах и на зерцало, но в отражении разнятся они, как звезда и земля,— нет, неизмеримо различие меж ними!"
  },
  {
    "id": 26,
    "part": "persian",
    "text": "О друг мой на словах! поразмысли немного. слышал ли ты, чтоб друг и враг уживались в одном сердце? изгони же чужака, дабы вошел друг в дом свой."
  },
  {
    "id": 27,
    "part": "persian",
    "text": "О сын праха! все, что есть на небесах и на земле, я предназначил тебе, кроме сердца человеческого, кое"
  },
  {
    "id": 28,
    "part": "persian",
    "text": "О суть желания! сколько раз на рассвете направлялся я из владений беспредельного в твое обиталище и находил тебя на ложе праздности в общении с иными, чем я. тогда, подобно молнии духа, я возвращался в царствия небесной славы и в моих горних пределах не упоминал о сем пред воинством святости."
  },
  {
    "id": 29,
    "part": "persian",
    "text": "О сын щедрости! из пустынь небытия, посредством глины моего веления, явил я тебя и предназначил для воспитания твоего всякую сущую в мире частицу и суть всего сотворения. так, еще до того, как вышел ты из материнской утробы, я уготовил тебе два источника сверкающего молока, и очи, дабы приглядывать за тобой, и сердца, дабы любить тебя. из нежной любви моей к тебе вскормил я тебя под сенью милости моей и оберегал тебя сутью моей благодати и щедрости. а желал я при сем, дабы ты достиг вечного владения моего и удостоился незримых даров моих. ты же пребывал в беспечности и, войдя в лета, пренебрег всеми щедротами моими и так увлекся праздными мечтаниями, что забыл обо всем и, отвернувшись от врат друга, поселился при дворе врага моего."
  },
  {
    "id": 30,
    "part": "persian",
    "text": "О раб мира сего! сколько раз на восходе веял над тобой ветерок моей любви и находил тебя на ложе нерадения в глубоком сне. оплакивая участь твою, возвращался он туда, откуда изошел."
  },
  {
    "id": 31,
    "part": "persian",
    "text": "О сын земли! если желаешь обрести меня, не ищи иного, кроме меня, и если желаешь лицезреть красоту мою, закрой очи на мир и все сущее в нем, ибо воля моя и воля иного, чем я, подобно огню и воде, не могут ужиться в одном сердце."
  },
  {
    "id": 32,
    "part": "persian",
    "text": "О незнакомец привечаемый! свеча сердца твоего зажжена десницей моей мощи, не загаси ее своевольными ветрами себялюбия и страсти. исцеление всех твоих недугов — в поминании меня, не забывай о сем. сделай любовь мою своим сокровищем, храни ее как зеницу ока и саму жизнь твою."
  },
  {
    "id": 33,
    "part": "persian",
    "text": "О брат мой! внимай восхитительным словам, что исходят от сладкозвучного языка моего, и испей от потока таинственной святости, что истекает из сахарных уст моих. бросай семена моей божественной мудрости в чистую почву сердца своего и орошай их водой несомненности, дабы гиацинты моего знания и мудрости взошли, свежи и зелены, в святом граде твоего сердца."
  },
  {
    "id": 34,
    "part": "persian",
    "text": "О обитатели рая моего! десницами нежной заботы посадил я в священном райском саду юное деревце вашей любви и дружества и оросил его обильными дождями моей нежной милости; ныне, когда пришел ему срок плодоносить, усердствуйте,"
  },
  {
    "id": 35,
    "part": "persian",
    "text": "О друзья мои! загасите лампаду заблуждений и зажгите в сердцах ваших вечный светоч божественного водительства. ибо отныне испытатели человечества в священном присутствии обожаемого будут принимать лишь чистейшую добродетель и деяния незапятнанной святости."
  },
  {
    "id": 36,
    "part": "persian",
    "text": "О сын праха! мудр тот, кто говорит, лишь когда его слушают,— ведь и виночерпий не подаст чаши, пока не найдет жаждущего, и любящий не возопит из глубины сердца своего, пока не увидит красоты возлюбленной своей. так бросай же семена мудрости и знания в чистую почву сердца и укрывай их, пока не взойдут гиацинты божественной мудрости из сердца, а не из грязи и глины. в первой строке скрижали начертано и записано, и в святилище скинии божией сокрыто:"
  },
  {
    "id": 37,
    "part": "persian",
    "text": "О слуга мой! не покидай владения непреходящего ради того, что тленно, и не отбрасывай господство небесное ради мирского желания. вот река вечной жизни, что вытекает из родника пера милосердного; благо тому, кто вкушает!"
  },
  {
    "id": 38,
    "part": "persian",
    "text": "О сын духа! сломай клетку свою и, подобно фениксу любви, воспари к небесам святости. отрешись от себя и, исполненный духа милосердия, пребывай в царстве небесной безгрешности."
  },
  {
    "id": 39,
    "part": "persian",
    "text": "О порождение праха! не довольствуйся отдохновением преходящего дня и не лишай себя вечного покоя. не променяй сада бесконечной радости на груду праха сего бренного мира. из темницы своей поднимись к славным горним лугам и из своей смертной клетки направь полет в рай безграничного."
  },
  {
    "id": 40,
    "part": "persian",
    "text": "О слуга мой! освободись от пут сего мира и вызволи душу свою из темницы себялюбия. воспользуйся сим случаем, ибо он не представится тебе более."
  },
  {
    "id": 41,
    "part": "persian",
    "text": "О сын служанки моей! когда б узрел ты бессмертное владычество, то сделал бы все, дабы оставить сей преходящий мир. но в сокрытии от тебя одного и в явлении другого заключена тайна, постижимая лишь для чистых сердцем."
  },
  {
    "id": 42,
    "part": "persian",
    "text": "О слуга мой! очисти сердце свое от злобы и, не ведая зависти, войди в божественный двор святости."
  },
  {
    "id": 43,
    "part": "persian",
    "text": "О друзья мои! ходите путями благоволения друга и ведайте, что удовольствие его — в удовольствии его созданий. посему да не войдет никто в дом ближнего своего, кроме как с его соизволения, да не наложит руки на богатство его, да не предпочтет желание свое желанию друга своего и да не станет ни в чем искать превосходства над ним. поразмыслите о сем, о проницательные!"
  },
  {
    "id": 44,
    "part": "persian",
    "text": "О приближенный престола моего! не внимай злу и не примечай зла, не унижайся, не сокрушайся и не стенай. не будь злоречив, дабы не услышать тебе злых речей, и не преувеличивай пороки других, дабы собственные пороки твои не показались неимоверными; и не желай никому унижения, дабы твое унижение не стало явным. да проживешь дни своей жизни, что короче краткого мига, с непорочным разумом, незапятнанным сердцем, чистыми помыслами и безгрешной душою, дабы свободно и в довольстве отбросить сию смертную оболочку, и возвратиться в таинственный рай, и обитать в бессмертном царстве во веки веков."
  },
  {
    "id": 45,
    "part": "persian",
    "text": "Увы, увы вам, о почитатели мирского желания! подобно молнии промчались вы мимо возлюбленного и предались сатанинским мечтаниям. вы преклоняете колена перед вашими тщетными вымыслами и называете их истиной. вы устремляете взоры к тернию и зовете его цветком. ни единого чистого дыхания не исходит от вас, и не веет дуновением отрешенности с лугов сердец ваших. вы пустили по ветру нежные увещания возлюбленного, и совершенно изгладили их со скрижали ваших сердец, и, подобно зверям полевым, обретаетесь на пастбищах желания и страсти."
  },
  {
    "id": 46,
    "part": "persian",
    "text": "О собратья на стезе! отчего пренебрегаете вы поминанием любимого и держитесь вдали от его святого присутствия? сущность красоты пребывает в несравненном шатре, восседая на престоле славы, а вы заняты праздными препирательствами. разносятся благоухания святости, и веет дыхание милости, но вы все мучительно страдаете"
  },
  {
    "id": 47,
    "part": "persian",
    "text": "О дети желания! отбросьте одежды тщеславия и совлеките с себя наряд надменности. в третьей из наисвященных строк, записанных и начертанных в рубиновой скрижали незримым пером, открыто сие:"
  },
  {
    "id": 48,
    "part": "persian",
    "text": "О собратья! будьте терпимы друг к другу и не привязывайтесь к земному. не величайтесь во славе вашей и не стыдитесь в унижении. красотою моей клянусь! я создал все сущее из праха и все вновь возвращу во прах."
  },
  {
    "id": 49,
    "part": "persian",
    "text": "О дети праха! поведайте богатым о полуночных стенаниях бедняков, дабы небрежение не привело их на путь погибели и не лишило древа богатства. одарять и быть щедрым — присуще мне; благо тому, кто украшает себя моими добродетелями."
  },
  {
    "id": 50,
    "part": "persian",
    "text": "О суть страсти! отбрось всякую алчность и стремись к довольству, ибо алчный всегда обделяем, а довольный — всегда любим и восхваляем."
  },
  {
    "id": 51,
    "part": "persian",
    "text": "О сын служанки моей! не тревожься в бедности и не полагайся на богатство, ибо за бедностью следует богатство, а за богатством — бедность. однако быть нищим во всем, кроме бога, есть дивный дар; не преу"
  },
  {
    "id": 52,
    "part": "persian",
    "text": "О дети нерадения и страсти! вы позволили врагу моему войти в мой дом и изгнали друга моего, ибо допустили в свои сердца любовь к иному, чем я. прислушайтесь к словам друга и устремитесь к его раю. мирские друзья выказывают взаимную любовь из личной корысти, а истинный друг возлюбил и любит вас ради вас самих; воистину, ради вашего водительства претерпел он бесчисленные невзгоды. не предавайте такого друга, нет, лучше поспешите к нему. вот дневное светило речей истины и верности, что взошло на небосклоне пера господа всех имен. очистите слух свой, дабы внимать слову бога, помощника в опасности, самосущного."
  },
  {
    "id": 53,
    "part": "persian",
    "text": "О вы, возгордившиеся тленными богатствами! знайте воистину, что богатство есть крепкая препона между ищущим и предметом его желания, между любящим и его возлюбленной. богатые, за исключением немногих, никогда не достигнут двора его присутствия и не войдут в град довольствия и покорности. благо тому, кто, пребывая в богатстве, не отвращен богатством своим от вечного царства и не отделен им от нетленного владения. величайшим именем клянусь! сияние, исходящее от сего богатого человека, озарит обитателей небес, подобно тому как солнце освещает живущих на земле!"
  },
  {
    "id": 54,
    "part": "persian",
    "text": "О богатые сей земли! бедные, что живут средь вас, — на моем попечении; оберегайте находящихся на попечении моем и не стремитесь лишь к собственному довольству."
  },
  {
    "id": 55,
    "part": "persian",
    "text": "О сын страсти! очисти себя от скверны богатств и в совершенном умиротворении вступи в царствие бедности, дабы вкусить вина бессмертной жизни из родника отрешения."
  },
  {
    "id": 56,
    "part": "persian",
    "text": "О сын мой! общение с нечестивым умножает скорби, а дружество с праведным очищает сердце от ржавчины. ищущий общения с богом да войдет в содружество возлюбленных его, и желающий внимать слову бога да обратит слух к словам избранников его."
  },
  {
    "id": 57,
    "part": "persian",
    "text": "О сын праха! остерегайся! не ходи с нечестивым и не ищи дружества с ним, ибо подобное товарищество обращает свет сердца в адский пламень."
  },
  {
    "id": 58,
    "part": "persian",
    "text": "О сын служанки моей! если ищешь благодати духа святого, подружись с праведным, ибо он испил чашу вечной жизни из дланей бессмертного виночерпия и, подобно истинному восходу, оживляет и озаряет сердца мертвых."
  },
  {
    "id": 59,
    "part": "persian",
    "text": "О беспечные! не думайте, что тайны сердец сокрыты,— нет, знайте доподлинно, что ясными буквами начертаны они и открыто явлены в святом присутствии."
  },
  {
    "id": 60,
    "part": "persian",
    "text": "О друзья! истинно говорю я: все, что утаили вы в сердцах ваших, открыто и ясно для нас как день; но то, что сие сокрыто — наша милость и благоволение, а не ваша заслуга."
  },
  {
    "id": 61,
    "part": "persian",
    "text": "О сын человеческий! каплю росы из бездонного океана моего милосердия излил я на народы мира, но не нашел никого, кто обратился бы к ней, ибо всякий отвернулся от небесного вина единения к смрадному отстою нечистоты и, ублаготворившись смертной чашей, отверг кубок бессмертной красоты. мерзко то, чем удовольствовался он."
  },
  {
    "id": 62,
    "part": "persian",
    "text": "О сын праха! не отводи очей своих от несравненного вина, что от бессмертного возлюбленного, и не раскрывай их на смрадный и бренный отстой. прими из дланей божественного виночерпия кубок бессмертной жизни, да обретешь всякую мудрость и станешь внимать таинственному гласу, взывающему из незримого царства. возопите же, о вы, стремящиеся к низменному! почему отвернулись вы от моего святого и бессмертного вина ради мимолетной влаги?"
  },
  {
    "id": 63,
    "part": "persian",
    "text": "О народы мира! знайте воистину, что неведомое бедствие следует за вами и тяжкое возмездие ожидает вас. не думайте, что содеянное вами изгладилось пред взором моим. клянусь моей красотою! все поступки ваши запечатлело мое перо ясными буквами на скрижалях из хризолита."
  },
  {
    "id": 64,
    "part": "persian",
    "text": "О земные угнетатели! отвратите руки ваши от тиранства, ибо я поклялся не прощать и малейшей несправедливости людской. сие — завет мой, что нерушимо провозгласил я в хранимой скрижали и скрепил печатью моей."
  },
  {
    "id": 65,
    "part": "persian",
    "text": "О мятежные! снисходительность моя придала вам дерзости, а долготерпение мое сделало вас столь беспечными, что вы пришпорили горячего скакуна страсти и погнали его по гибельному пути, ведущему к уничтожению. ужели вы думали, что я небрежен или не ведаю о сем?"
  },
  {
    "id": 66,
    "part": "persian",
    "text": "О покинувшие свою страну! я создал язык, дабы поминали меня; не оскверняйте его хулою. если огнь себялюбия охватит вас, вспоминайте свои недостатки, а не недостатки сотворенных мною, ибо всякий из вас знает себя лучше, чем другого."
  },
  {
    "id": 67,
    "part": "persian",
    "text": "О дети мнимости! знайте, воистину, что когда лучезарная заря заблистает на небосклоне вечной святости, сатанинские тайны и дела, содеянные во мраке ночи, откроются и предстанут пред народами мира."
  },
  {
    "id": 68,
    "part": "persian",
    "text": "О плевел, растущий из праха! отчего грязными руками не прикасаешься ты к одеждам своим, но почему сердцем, оскверненным желанием и страстью, жаждешь общаться со мной и войти в мое священное царство? о, как далек ты от того, чего желаешь!"
  },
  {
    "id": 69,
    "part": "persian",
    "text": "О дети адама! святые слова и деяния чистые и благие восходят к небесам горней славы. усердствуйте, дабы деяния ваши очистились от праха себялюбия и лицемерия и снискали благосклонный прием при дворе славы, ибо отныне испытатели человечества в святом присутствии обожаемого будут принимать лишь совершенную добродетель и деяния незапятнанной чистоты. вот дневное светило мудрости и божественного таинства, что воссияло на небосклоне божественной воли. благословенны те, что обращаются к сему."
  },
  {
    "id": 70,
    "part": "persian",
    "text": "О сын суетности! приятно царствие бытия, когда бы ты достиг его; славно владение вечности, когда бы ты возвысился над сим бренным миром; сладостно святое опьянение, когда бы ты испил от кубка тайн из десниц небесного юноши. если достигнешь сего состояния — избегнешь разрушения и смерти, тягот и греха."
  },
  {
    "id": 71,
    "part": "persian",
    "text": "О друзья мои! вспомните о завете, что вы заключили со мной на горе паран в святой земле заман. в свидетели я взял небесный сонм и обитателей града вечности, однако не нашел я ныне ни единой души, верной завету. несомненно, гордыня и мятеж изгладили его из сердец, так что не осталось и следа. ведая о том, я все же медлил и не открыл сего."
  },
  {
    "id": 72,
    "part": "persian",
    "text": "О слуга мой! ты подобен искусно закаленному клинку, заключенному во тьму ножен, ценность коего неведома оружейнику. так явись же на свет из ножен себялюбия и желания, дабы достоинство твое воссияло явно предо всем миром."
  },
  {
    "id": 73,
    "part": "persian",
    "text": "О друг мой! ты — дневное светило в небесах моей святости, не позволяй мирской скверне затмить твоего сияния. разорви завесу нерадения, дабы явиться тебе из-за туч в ослепительном блеске и облечь все сущее одеянием жизни."
  },
  {
    "id": 74,
    "part": "persian",
    "text": "О дети тщеславия! ради мимолетного владычества отреклись вы от моего нетленного владения и, обрядившись в пестрые мирские одежды, кичитесь ими. красотой моею клянусь! я соберу всех под одноцветным покровом праха и сотру все многоразличные цвета сии, кроме тех, кто избрал мой цвет, он же есть очищение от всякого цвета."
  },
  {
    "id": 75,
    "part": "persian",
    "text": "О дети нерадения! не привязывайтесь к смертному владычеству и не радуйтесь ему. вы подобны беспечной птице, что уверенно щебечет на ветке, как вдруг смерть-птицелов низвергает ее во прах, и песнь ее, облик и краски исчезают бесследно. посему остерегитесь, о рабы желания!"
  },
  {
    "id": 76,
    "part": "persian",
    "text": "О сын служанки моей! водительство испокон веков давалось через слова, ныне же оно дается через деяния. всякому надлежит являть деяния чистые и святые, ибо словом владеет любой, а деяния сии принадлежат лишь тем, кого мы возлюбили. посему стремитесь же сердцем и душою отличиться своими деяниями. так наставляем мы вас в сей святой и лучезарной скрижали."
  },
  {
    "id": 77,
    "part": "persian",
    "text": "О сын справедливости! ночною порой красота бессмертного возвратился с изумрудной вершины верности к садратул-мунтаха и зарыдал таким рыданием, что небесный сонм и обитатели горних царств восплакали, внимая стенаниям его. затем спросили: «в чем причина стенания и рыдания?» ответил он: «исполняя повеление, ждал я на холме преданности, но не вдохнул от обитателей земли ни единого аромата верности. затем, призванный возвратиться, я взглянул и узрел, как, несколько голубок святости бьются в лапах земных псов». тогда небесная дева, сбросив завесы и воссияв, поспешила из таинственного жилища своего, дабы узнать их имена, и названы были все, кроме одного. когда же она стала настаивать, была произнесена его первая буква, отчего обитатели небесных покоев бросились прочь из своего жилища славы. когда же огласили вторую букву, все они пали во прах. в сей миг из внутреннего святилища послышался глас: «до сего предела и не далее!» воистину мы свидетельствуем о том, что содеяли они и что делают ныне."
  },
  {
    "id": 78,
    "part": "persian",
    "text": "О сын служанки моей! пей из уст милосердного влагу божественных тайн и зри от восхода божественных речений явленное из-за завес сияние дневного светила мудрости. засевай семенами моей божественной мудрости чистую почву сердца и орошай их водой несомненности, дабы гиацинты знания и мудрости взошли, свежи и зелены, в святом граде серд ца."
  },
  {
    "id": 79,
    "part": "persian",
    "text": "О сын желания! доколе будешь ты парить в царствах желания? я даровал тебе крылья, дабы ты взмыл к царствам таинственной святости, а не устремился в пределы сатанинского измышления. я дал тебе также и гребень, дабы ты расчесывал мои вороные кудри, а не раздирал им горло мое."
  },
  {
    "id": 80,
    "part": "persian",
    "text": "О слуги мои! вы — древа сада моего; дóлжно вам приносить благие и дивные плоды, дабы и вы сами, и другие могли воспользоваться ими. посему каждому надлежит избрать ремесло или занятие, поскольку в сем заключена тайна благоденствия, о разумеющие! ибо итоги зависят от средств, и вседостаточной будет для вас милость божия. бесплодные деревья всегда были и будут годны лишь для огня."
  },
  {
    "id": 81,
    "part": "persian",
    "text": "О слуга мой! ничтожнейшие из людей те, что не приносят плода на земле. подобные люди, воистину, причислены к мертвецам; о нет, мертвые в разу мении бога выше, чем сии праздные и никчемные души."
  },
  {
    "id": 82,
    "part": "persian",
    "text": "О слуга мой! достойнейшие из людей те, что зарабатывают на пропитание ремеслом своим и тратят на себя и на родственников своих из любви к богу, господу всех миров. таинственная и дивная невеста, сокрытая доселе за завесой речения, теперь явлена милостью бога и его божественным благоволением подобно яркому свету, воссиявшему от красоты возлюбленного. я свидетельствую, о друзья, что милость излита во всей полноте, довод"
  }
]