[
    { "text": "Тысячи дверей Он отворяет там, где человек не в состоянии вообразить себе и одной. — Бахаулла" },
    { "text": "В любом человеке нужно видеть лишь то, что достойно похвалы… И потому, устремляя взор свой на людей, мы должны видеть то, в чем они преуспели, а не то, в чем потерпели неудачу. — Абдул‑Баха" },
    { "text": "Настройте свои мысли и чувства на волну любви и согласия… Искренность и любовь победят ненависть. Будьте мужественны — Бог никогда не покидает детей Своих, которые усердны в трудах и молитвах! — Абдул‑Баха" },
    { "text": "Вы — плоды одного дерева, листья одной ветви. …Свет единства столь могуществен, что может осиять всю землю. — Бахаулла" },
    { "text": "Кроткая речь притягивает сердца человеков; она — хлеб духовный, одежда смысла, светоч мудрости и понимания. — Бахаулла" },
    { "text": "Истинно говорю вам: язык дан для упоминания о добре; не оскверняйте его недостойной речью… Воздерживайтесь от клеветы, оскорблений и всего, что причиняет огорчение человекам. — Бахаулла" },
    { "text": "Когда человек обращается к Богу, он видит вокруг себя лишь солнечный свет… Пусть сердца ваши преисполнятся радушием и любовью ко всем, кто встретится вам на пути. — Абдул‑Баха" },
    { "text": "Лучший способ отблагодарить Бога — любить друг друга. — Абдул‑Баха" },
    { "text": "О сын Духа! Мой первый совет таков: имей сердце чистое, любящее, светозарное, да достигнешь царствия предвечного, нетленного, бесконечного. — Бахаулла" },
    { "text": "Бог не оставляет детей Своих безутешными… Тогда древо человечества расцветает вновь и приносит плод праведности, что исцеляет народы. — Абдул‑Баха" },
    { "text": "О сын Духа! Любимейшая из вещей в Моих глазах — справедливость… Помести же её пред своими очами. — Бахаулла" },
    { "text": "Иные мужчины и женщины гордятся благородством своих мыслей; однако без претворения в жизнь эти мысли остаются бесплодными. — Абдул‑Баха" },
    { "text": "Любовь являет себя в делах, а не только в словах — одни лишь слова не будут действенны. — Абдул‑Баха" },
    { "text": "Люди созданы, чтобы продвигать вперёд вечно развивающуюся цивилизацию… Добродетели, подобающие их достоинству, — терпение, милосердие, сострадание и доброта ко всем народам земли. — Бахаулла" },
    { "text": "Как часто мы видим людей бедных, больных, но сильных духом… И наоборот — богатых и здоровых, но с безнадежно больной душой. — Абдул‑Баха" },
    { "text": "Я желаю, чтобы вы были счастливы, чтобы смеялись и излучали радость, чтобы другие, глядя на вас, тоже испытывали счастье. — Абдул‑Баха" },
    { "text": "Будь не рабом, а господином своего настроения… Поспеши доставить радость тому, кому сейчас труднее, и тяжёлое расположение духа растворится. — Абдул‑Баха" },
    { "text": "Нужно устремиться к чему‑то более высокому, нежели земные заботы… «Любите друг друга». — Абдул‑Баха" },
    { "text": "Совершенная любовь нуждается в полном освобождении от эгоизма и оков… Только сила Божественного Духа способна пробудить любовь, объемлющую весь мир. — Абдул‑Баха" },
    { "text": "О сын Духа! Я сотворил тебя богатым — отчего же ты ввергаешься в нищету? …Обрати взор к себе — узришь, как Я пребываю в тебе. — Бахаулла" },
    { "text": "…Когда вы общаетесь с людьми, чьи мнения разнятся с вашими, не отворачивайтесь… У истины много сторон, но она всегда едина. — Абдул‑Баха" },
    { "text": "О сын бытия! Отчитывайся пред собой ежедневно, прежде чем призовут тебя к отчёту, ибо смерть придёт внезапно. — Бахаулла" },
    { "text": "Основная причина вражды — превратное истолкование религии. …Избавьтесь от религиозных предрассудков — и народы вскоре обрящут мир. — Абдул‑Баха" },
    { "text": "О возлюбившие Господа! Будьте добры ко всем народам… Станьте желанной водой для всех жаждущих, отцом и матерью для сирот. — Абдул‑Баха" },
    { "text": "О сын человеческий! Каждой вещи — свой знак. Знак любви — стойкость и терпение в испытаниях. — Бахаулла" },
    { "text": "Самая неотложная задача сегодня — совершенствование характера… Да разольётся аромат вашей святости по всей земле. — Абдул‑Баха" },
    { "text": "О сын человеческий! Если выпадает тебе благоденствие, не радуйся; если унижение — не печалься: и то и другое прейдёт. — Бахаулла" },
    { "text": "Разнообразие человеческой семьи должно быть источником любви и согласия, как в музыке множество звуков сливаются в гармонии. — Абдул‑Баха" },
    { "text": "О приближённый престола Моего! Не внимай и не примечай зла… Проживи дни своей жизни с непорочным рассудком и чистыми помыслами. — Бахаулла" },
    { "text": "Суть веры — в скудости слов и обилии дел. — Бахаулла" },
    { "text": "Хотя смерть разрушает тело, она бессильна перед духом — вечным, непреходящим. — Абдул‑Баха" },
    { "text": "Объединитесь в братской любви, будьте готовы отдать жизнь за всё человечество. — Абдул‑Баха" },
    { "text": "О слуга Мой! Очисти сердце своё от злобы и, не ведая зависти, войди в обитель святости. — Бахаулла" },
    { "text": "Непреложный долг родителей — воспитывать детей в духе неколебимой веры… Каждое похвальное деяние рождается от света религии. — Бахаулла" },
    { "text": "Если ребёнок поступил хорошо — похвалите; если проявил дурную наклонность — увещевайте и накажите разумно. — Абдул‑Баха" },
    { "text": "Поскольку религия воспитывает нравственные качества, она и есть истинная философия; лишь на её основе строится прочная цивилизация. — Абдул‑Баха" },
    { "text": "Испытания и страдания порождены материальным миром; в Царствии духа ничто не вызывает печали. — Абдул‑Баха" },
    { "text": "Равенство и справедливость — Хранители‑близнецы, оберегающие людей и приносящие миру благополучие. — Бахаулла" },
    { "text": "Сущность Веры Божьей состоит в том, чтобы не позволять общинам и вероучениям возбуждать вражду; все учения — лучи одного Света. — Бахаулла" },
    { "text": "Общайтесь со всеми людьми в духе дружелюбия; делитесь истиной языком величайшей доброты и благоволения. — Бахаулла" },
    { "text": "Воистину, знание — подлинное сокровище человека, источник славы, радости и довольства. — Бахаулла" },
    { "text": "О чистый душою! Следуй по стопам правдивого… Лучше быть святотатцем, но говорить правду, чем лжецом, провозглашающим догматы веры. — Абдул‑Баха" },
    { "text": "Стремитесь к тому, чтобы дела ваши были подобны прекрасным молитвам… Богу ведомо, в коей мере претворяем мы слова в жизнь. — Абдул‑Баха" },
    { "text": "О сын бытия! Не увлекайся миром сим: огнём испытываем Мы злато, а златом — слуг Наших. — Бахаулла" },
    { "text": "Духовное блаженство — истинная основа человеческой жизни: она создана ради счастья и радости, а не тревог. — Абдул‑Баха" }
]  